{
  "metrics": {
    "roc_auc": 0.8892192109144543,
    "pr_auc": 0.5852684031923144,
    "classification_report": {
      "0": {
        "precision": 0.9806295399515739,
        "recall": 0.8960176991150443,
        "f1-score": 0.9364161849710982,
        "support": 452.0
      },
      "1": {
        "precision": 0.45977011494252873,
        "recall": 0.8333333333333334,
        "f1-score": 0.5925925925925926,
        "support": 48.0
      },
      "accuracy": 0.89,
      "macro avg": {
        "precision": 0.7201998274470514,
        "recall": 0.8646755162241888,
        "f1-score": 0.7645043887818455,
        "support": 500.0
      },
      "weighted avg": {
        "precision": 0.9306270351507056,
        "recall": 0.89,
        "f1-score": 0.9034091201027616,
        "support": 500.0
      }
    },
    "confusion_matrix": [
      [
        405,
        47
      ],
      [
        8,
        40
      ]
    ],
    "threshold": 0.5,
    "pr_curve": {
      "precision": [
        0.096,
        0.125,
        0.12566844919786097,
        0.13055555555555556,
        0.13314447592067988,
        0.13580246913580246,
        0.2545454545454545,
        0.2578616352201258,
        0.43956043956043955,
        0.4444444444444444,
        0.45454545454545453,
        0.45977011494252873,
        0.4642857142857143,
        0.47560975609756095,
        0.4875,
        0.559322033898305,
        0.5818181818181818,
        0.5925925925925926,
        0.6037735849056604,
        0.7142857142857143,
        0.7,
        0.9090909090909091,
        1.0
      ],
      "recall": [
        1.0,
        0.9791666666666666,
        0.9791666666666666,
        0.9791666666666666,
        0.9791666666666666,
        0.9166666666666666,
        0.875,
        0.8541666666666666,
        0.8333333333333334,
        0.8333333333333334,
        0.8333333333333334,
        0.8333333333333334,
        0.8125,
        0.8125,
        0.8125,
        0.6875,
        0.6666666666666666,
        0.6666666666666666,
        0.6666666666666666,
        0.3125,
        0.2916666666666667,
        0.20833333333333334,
        0.0
      ],
      "thresholds": [
        0.0,
        0.02,
        0.05,
        0.1,
        0.12,
        0.15,
        0.23,
        0.25,
        0.3,
        0.35,
        0.45,
        0.75,
        0.76,
        0.78,
        0.85,
        0.87,
        0.92,
        0.93,
        0.95,
        0.97,
        0.98,
        1.0
      ]
    },
    "roc_curve": {
      "fpr": [
        0.0,
        0.0022123893805309734,
        0.01327433628318584,
        0.01327433628318584,
        0.046460176991150445,
        0.05088495575221239,
        0.05752212389380531,
        0.09070796460176991,
        0.09955752212389381,
        0.10398230088495575,
        0.10619469026548672,
        0.11061946902654868,
        0.11283185840707964,
        0.2610619469026549,
        0.2721238938053097,
        0.6194690265486725,
        0.6769911504424779,
        0.6924778761061947,
        0.7234513274336283,
        0.7278761061946902,
        1.0
      ],
      "tpr": [
        0.0,
        0.20833333333333334,
        0.2916666666666667,
        0.3125,
        0.6666666666666666,
        0.6666666666666666,
        0.6875,
        0.8125,
        0.8125,
        0.8333333333333334,
        0.8333333333333334,
        0.8333333333333334,
        0.8333333333333334,
        0.8541666666666666,
        0.875,
        0.9166666666666666,
        0.9791666666666666,
        0.9791666666666666,
        0.9791666666666666,
        0.9791666666666666,
        1.0
      ],
      "thresholds": [
        Infinity,
        1.0,
        0.98,
        0.97,
        0.95,
        0.92,
        0.87,
        0.85,
        0.76,
        0.75,
        0.45,
        0.35,
        0.3,
        0.25,
        0.23,
        0.15,
        0.12,
        0.1,
        0.05,
        0.02,
        0.0
      ]
    }
  },
  "threshold": 0.5,
  "confusion_matrix": [
    [
      405,
      47
    ],
    [
      8,
      40
    ]
  ],
  "fpr": [
    0.0,
    0.0022123893805309734,
    0.01327433628318584,
    0.01327433628318584,
    0.046460176991150445,
    0.05088495575221239,
    0.05752212389380531,
    0.09070796460176991,
    0.09955752212389381,
    0.10398230088495575,
    0.10619469026548672,
    0.11061946902654868,
    0.11283185840707964,
    0.2610619469026549,
    0.2721238938053097,
    0.6194690265486725,
    0.6769911504424779,
    0.6924778761061947,
    0.7234513274336283,
    0.7278761061946902,
    1.0
  ],
  "tpr": [
    0.0,
    0.20833333333333334,
    0.2916666666666667,
    0.3125,
    0.6666666666666666,
    0.6666666666666666,
    0.6875,
    0.8125,
    0.8125,
    0.8333333333333334,
    0.8333333333333334,
    0.8333333333333334,
    0.8333333333333334,
    0.8541666666666666,
    0.875,
    0.9166666666666666,
    0.9791666666666666,
    0.9791666666666666,
    0.9791666666666666,
    0.9791666666666666,
    1.0
  ],
  "precision_curve": [
    0.096,
    0.125,
    0.12566844919786097,
    0.13055555555555556,
    0.13314447592067988,
    0.13580246913580246,
    0.2545454545454545,
    0.2578616352201258,
    0.43956043956043955,
    0.4444444444444444,
    0.45454545454545453,
    0.45977011494252873,
    0.4642857142857143,
    0.47560975609756095,
    0.4875,
    0.559322033898305,
    0.5818181818181818,
    0.5925925925925926,
    0.6037735849056604,
    0.7142857142857143,
    0.7,
    0.9090909090909091,
    1.0
  ],
  "recall_curve": [
    1.0,
    0.9791666666666666,
    0.9791666666666666,
    0.9791666666666666,
    0.9791666666666666,
    0.9166666666666666,
    0.875,
    0.8541666666666666,
    0.8333333333333334,
    0.8333333333333334,
    0.8333333333333334,
    0.8333333333333334,
    0.8125,
    0.8125,
    0.8125,
    0.6875,
    0.6666666666666666,
    0.6666666666666666,
    0.6666666666666666,
    0.3125,
    0.2916666666666667,
    0.20833333333333334,
    0.0
  ],
  "provider": "ollama",
  "model_id": "phi3:mini",
  "prompt_type": "role"
}