{
  "metrics": {
    "roc_auc": 0.8620713495575221,
    "pr_auc": 0.4357339992875291,
    "classification_report": {
      "0": {
        "precision": 0.9832869080779945,
        "recall": 0.7809734513274337,
        "f1-score": 0.8705302096177558,
        "support": 452.0
      },
      "1": {
        "precision": 0.2978723404255319,
        "recall": 0.875,
        "f1-score": 0.4444444444444444,
        "support": 48.0
      },
      "accuracy": 0.79,
      "macro avg": {
        "precision": 0.6405796242517632,
        "recall": 0.8279867256637168,
        "f1-score": 0.6574873270311001,
        "support": 500.0
      },
      "weighted avg": {
        "precision": 0.9174871095833581,
        "recall": 0.79,
        "f1-score": 0.8296259761611179,
        "support": 500.0
      }
    },
    "confusion_matrix": [
      [
        353,
        99
      ],
      [
        6,
        42
      ]
    ],
    "threshold": 0.5,
    "pr_curve": {
      "precision": [
        0.096,
        0.14195583596214512,
        0.14240506329113925,
        0.14563106796116504,
        0.1465798045602606,
        0.14429530201342283,
        0.16602316602316602,
        0.20192307692307693,
        0.2896551724137931,
        0.2916666666666667,
        0.29577464788732394,
        0.2978723404255319,
        0.3,
        0.3157894736842105,
        0.3230769230769231,
        0.37755102040816324,
        0.3829787234042553,
        0.39325842696629215,
        0.5,
        0.5,
        0.6666666666666666,
        1.0
      ],
      "recall": [
        1.0,
        0.9375,
        0.9375,
        0.9375,
        0.9375,
        0.8958333333333334,
        0.8958333333333334,
        0.875,
        0.875,
        0.875,
        0.875,
        0.875,
        0.875,
        0.875,
        0.875,
        0.7708333333333334,
        0.75,
        0.7291666666666666,
        0.3958333333333333,
        0.375,
        0.25,
        0.0
      ],
      "thresholds": [
        0.0,
        0.02,
        0.05,
        0.1,
        0.12,
        0.15,
        0.23,
        0.25,
        0.3,
        0.35,
        0.45,
        0.65,
        0.75,
        0.78,
        0.85,
        0.87,
        0.92,
        0.95,
        0.97,
        0.98,
        1.0
      ]
    },
    "roc_curve": {
      "fpr": [
        0.0,
        0.01327433628318584,
        0.03982300884955752,
        0.0420353982300885,
        0.11946902654867257,
        0.12831858407079647,
        0.13495575221238937,
        0.19469026548672566,
        0.2013274336283186,
        0.2168141592920354,
        0.22123893805309736,
        0.22566371681415928,
        0.22787610619469026,
        0.3672566371681416,
        0.4778761061946903,
        0.5641592920353983,
        0.5796460176991151,
        0.584070796460177,
        0.5995575221238938,
        0.6017699115044248,
        1.0
      ],
      "tpr": [
        0.0,
        0.25,
        0.375,
        0.3958333333333333,
        0.7291666666666666,
        0.75,
        0.7708333333333334,
        0.875,
        0.875,
        0.875,
        0.875,
        0.875,
        0.875,
        0.875,
        0.8958333333333334,
        0.8958333333333334,
        0.9375,
        0.9375,
        0.9375,
        0.9375,
        1.0
      ],
      "thresholds": [
        Infinity,
        1.0,
        0.98,
        0.97,
        0.95,
        0.92,
        0.87,
        0.85,
        0.78,
        0.75,
        0.45,
        0.35,
        0.3,
        0.25,
        0.23,
        0.15,
        0.12,
        0.1,
        0.05,
        0.02,
        0.0
      ]
    }
  },
  "threshold": 0.5,
  "confusion_matrix": [
    [
      353,
      99
    ],
    [
      6,
      42
    ]
  ],
  "fpr": [
    0.0,
    0.01327433628318584,
    0.03982300884955752,
    0.0420353982300885,
    0.11946902654867257,
    0.12831858407079647,
    0.13495575221238937,
    0.19469026548672566,
    0.2013274336283186,
    0.2168141592920354,
    0.22123893805309736,
    0.22566371681415928,
    0.22787610619469026,
    0.3672566371681416,
    0.4778761061946903,
    0.5641592920353983,
    0.5796460176991151,
    0.584070796460177,
    0.5995575221238938,
    0.6017699115044248,
    1.0
  ],
  "tpr": [
    0.0,
    0.25,
    0.375,
    0.3958333333333333,
    0.7291666666666666,
    0.75,
    0.7708333333333334,
    0.875,
    0.875,
    0.875,
    0.875,
    0.875,
    0.875,
    0.875,
    0.8958333333333334,
    0.8958333333333334,
    0.9375,
    0.9375,
    0.9375,
    0.9375,
    1.0
  ],
  "precision_curve": [
    0.096,
    0.14195583596214512,
    0.14240506329113925,
    0.14563106796116504,
    0.1465798045602606,
    0.14429530201342283,
    0.16602316602316602,
    0.20192307692307693,
    0.2896551724137931,
    0.2916666666666667,
    0.29577464788732394,
    0.2978723404255319,
    0.3,
    0.3157894736842105,
    0.3230769230769231,
    0.37755102040816324,
    0.3829787234042553,
    0.39325842696629215,
    0.5,
    0.5,
    0.6666666666666666,
    1.0
  ],
  "recall_curve": [
    1.0,
    0.9375,
    0.9375,
    0.9375,
    0.9375,
    0.8958333333333334,
    0.8958333333333334,
    0.875,
    0.875,
    0.875,
    0.875,
    0.875,
    0.875,
    0.875,
    0.875,
    0.7708333333333334,
    0.75,
    0.7291666666666666,
    0.3958333333333333,
    0.375,
    0.25,
    0.0
  ],
  "provider": "ollama",
  "model_id": "phi3:mini",
  "prompt_type": "zero_shot"
}