{
  "metrics": {
    "roc_auc": 0.8718427359882005,
    "pr_auc": 0.43112713332577834,
    "classification_report": {
      "0": {
        "precision": 0.988950276243094,
        "recall": 0.7920353982300885,
        "f1-score": 0.8796068796068796,
        "support": 452.0
      },
      "1": {
        "precision": 0.3188405797101449,
        "recall": 0.9166666666666666,
        "f1-score": 0.4731182795698925,
        "support": 48.0
      },
      "accuracy": 0.804,
      "macro avg": {
        "precision": 0.6538954279766194,
        "recall": 0.8543510324483776,
        "f1-score": 0.6763625795883861,
        "support": 500.0
      },
      "weighted avg": {
        "precision": 0.9246197453759308,
        "recall": 0.804,
        "f1-score": 0.8405839740033287,
        "support": 500.0
      }
    },
    "confusion_matrix": [
      [
        358,
        94
      ],
      [
        4,
        44
      ]
    ],
    "threshold": 0.5,
    "pr_curve": {
      "precision": [
        0.096,
        0.1014799154334038,
        0.10256410256410256,
        0.10884353741496598,
        0.10681818181818181,
        0.14743589743589744,
        0.15714285714285714,
        0.31654676258992803,
        0.3188405797101449,
        0.3228346456692913,
        0.33064516129032256,
        0.8461538461538461,
        1.0
      ],
      "recall": [
        1.0,
        1.0,
        1.0,
        1.0,
        0.9791666666666666,
        0.9583333333333334,
        0.9166666666666666,
        0.9166666666666666,
        0.9166666666666666,
        0.8541666666666666,
        0.8541666666666666,
        0.22916666666666666,
        0.0
      ],
      "thresholds": [
        0.0,
        0.02,
        0.05,
        0.1,
        0.15,
        0.2,
        0.25,
        0.3,
        0.95,
        0.97,
        0.98,
        1.0
      ]
    },
    "roc_curve": {
      "fpr": [
        0.0,
        0.004424778761061947,
        0.1836283185840708,
        0.1902654867256637,
        0.2079646017699115,
        0.21017699115044247,
        0.5221238938053098,
        0.588495575221239,
        0.8694690265486725,
        0.8694690265486725,
        0.9292035398230089,
        0.9402654867256637,
        1.0
      ],
      "tpr": [
        0.0,
        0.22916666666666666,
        0.8541666666666666,
        0.8541666666666666,
        0.9166666666666666,
        0.9166666666666666,
        0.9166666666666666,
        0.9583333333333334,
        0.9791666666666666,
        1.0,
        1.0,
        1.0,
        1.0
      ],
      "thresholds": [
        Infinity,
        1.0,
        0.98,
        0.97,
        0.95,
        0.3,
        0.25,
        0.2,
        0.15,
        0.1,
        0.05,
        0.02,
        0.0
      ]
    }
  },
  "threshold": 0.5,
  "confusion_matrix": [
    [
      358,
      94
    ],
    [
      4,
      44
    ]
  ],
  "fpr": [
    0.0,
    0.004424778761061947,
    0.1836283185840708,
    0.1902654867256637,
    0.2079646017699115,
    0.21017699115044247,
    0.5221238938053098,
    0.588495575221239,
    0.8694690265486725,
    0.8694690265486725,
    0.9292035398230089,
    0.9402654867256637,
    1.0
  ],
  "tpr": [
    0.0,
    0.22916666666666666,
    0.8541666666666666,
    0.8541666666666666,
    0.9166666666666666,
    0.9166666666666666,
    0.9166666666666666,
    0.9583333333333334,
    0.9791666666666666,
    1.0,
    1.0,
    1.0,
    1.0
  ],
  "precision_curve": [
    0.096,
    0.1014799154334038,
    0.10256410256410256,
    0.10884353741496598,
    0.10681818181818181,
    0.14743589743589744,
    0.15714285714285714,
    0.31654676258992803,
    0.3188405797101449,
    0.3228346456692913,
    0.33064516129032256,
    0.8461538461538461,
    1.0
  ],
  "recall_curve": [
    1.0,
    1.0,
    1.0,
    1.0,
    0.9791666666666666,
    0.9583333333333334,
    0.9166666666666666,
    0.9166666666666666,
    0.9166666666666666,
    0.8541666666666666,
    0.8541666666666666,
    0.22916666666666666,
    0.0
  ],
  "provider": "ollama",
  "model_id": "phi3:mini",
  "prompt_type": "few_shot_4"
}